MODEL,PARAMETERS,PRECISION,RECALL,AUC,F1,ACCURACY,Time
LR,"{'penalty': 'l2', 'C': 1}",0.347101932045,0.255017131669,0.609981649499,0.294018058691,0.9166,0.9998652935028076
DT,"{'min_samples_split': 2, 'max_features': 'log2', 'max_depth': 1, 'criterion': 'entropy'}",0.171589817483,0.699461576114,0.726344873974,0.275576125735,0.749566666667,0.06576108932495117
KNN,"{'n_neighbors': 5, 'algorithm': 'ball_tree', 'weights': 'uniform'}",0.106903892944,0.344101811062,0.567014599776,0.163127973083,0.759566666667,5.345094203948975
RF,"{'min_samples_split': 5, 'n_estimators': 1, 'max_depth': 1, 'max_features': 'log2'}",0.201078712287,0.583945178659,0.707199545011,0.299147442327,0.813666666667,0.1338651180267334
NB,{},0.261159227182,0.191874694077,0.576103316206,0.221218961625,0.908,0.04924917221069336
GB,"{'subsample': 0.5, 'max_depth': 5, 'learning_rate': 0.5, 'n_estimators': 1}",0.453883495146,0.36612824278,0.666967973735,0.405310214034,0.926833333333,0.3658304214477539
AB,"{'algorithm': 'SAMME.R', 'n_estimators': 10}",0.469987228608,0.360254527655,0.665283038768,0.407869215849,0.928766666667,0.7859921455383301
BG,{'n_estimators': 10},0.377894736842,0.351443954968,0.65458237023,0.364189703272,0.916433333333,6.229903221130371
